[
    {
        "model": "auth.permission",
        "pk": 1,
        "fields": {
            "name": "Can add log entry",
            "content_type": 1,
            "codename": "add_logentry"
        }
    },
    {
        "model": "auth.permission",
        "pk": 2,
        "fields": {
            "name": "Can change log entry",
            "content_type": 1,
            "codename": "change_logentry"
        }
    },
    {
        "model": "auth.permission",
        "pk": 3,
        "fields": {
            "name": "Can delete log entry",
            "content_type": 1,
            "codename": "delete_logentry"
        }
    },
    {
        "model": "auth.permission",
        "pk": 4,
        "fields": {
            "name": "Can view log entry",
            "content_type": 1,
            "codename": "view_logentry"
        }
    },
    {
        "model": "auth.permission",
        "pk": 5,
        "fields": {
            "name": "Can add permission",
            "content_type": 2,
            "codename": "add_permission"
        }
    },
    {
        "model": "auth.permission",
        "pk": 6,
        "fields": {
            "name": "Can change permission",
            "content_type": 2,
            "codename": "change_permission"
        }
    },
    {
        "model": "auth.permission",
        "pk": 7,
        "fields": {
            "name": "Can delete permission",
            "content_type": 2,
            "codename": "delete_permission"
        }
    },
    {
        "model": "auth.permission",
        "pk": 8,
        "fields": {
            "name": "Can view permission",
            "content_type": 2,
            "codename": "view_permission"
        }
    },
    {
        "model": "auth.permission",
        "pk": 9,
        "fields": {
            "name": "Can add group",
            "content_type": 3,
            "codename": "add_group"
        }
    },
    {
        "model": "auth.permission",
        "pk": 10,
        "fields": {
            "name": "Can change group",
            "content_type": 3,
            "codename": "change_group"
        }
    },
    {
        "model": "auth.permission",
        "pk": 11,
        "fields": {
            "name": "Can delete group",
            "content_type": 3,
            "codename": "delete_group"
        }
    },
    {
        "model": "auth.permission",
        "pk": 12,
        "fields": {
            "name": "Can view group",
            "content_type": 3,
            "codename": "view_group"
        }
    },
    {
        "model": "auth.permission",
        "pk": 13,
        "fields": {
            "name": "Can add content type",
            "content_type": 4,
            "codename": "add_contenttype"
        }
    },
    {
        "model": "auth.permission",
        "pk": 14,
        "fields": {
            "name": "Can change content type",
            "content_type": 4,
            "codename": "change_contenttype"
        }
    },
    {
        "model": "auth.permission",
        "pk": 15,
        "fields": {
            "name": "Can delete content type",
            "content_type": 4,
            "codename": "delete_contenttype"
        }
    },
    {
        "model": "auth.permission",
        "pk": 16,
        "fields": {
            "name": "Can view content type",
            "content_type": 4,
            "codename": "view_contenttype"
        }
    },
    {
        "model": "auth.permission",
        "pk": 17,
        "fields": {
            "name": "Can add session",
            "content_type": 5,
            "codename": "add_session"
        }
    },
    {
        "model": "auth.permission",
        "pk": 18,
        "fields": {
            "name": "Can change session",
            "content_type": 5,
            "codename": "change_session"
        }
    },
    {
        "model": "auth.permission",
        "pk": 19,
        "fields": {
            "name": "Can delete session",
            "content_type": 5,
            "codename": "delete_session"
        }
    },
    {
        "model": "auth.permission",
        "pk": 20,
        "fields": {
            "name": "Can view session",
            "content_type": 5,
            "codename": "view_session"
        }
    },
    {
        "model": "auth.permission",
        "pk": 21,
        "fields": {
            "name": "Can add email address",
            "content_type": 6,
            "codename": "add_emailaddress"
        }
    },
    {
        "model": "auth.permission",
        "pk": 22,
        "fields": {
            "name": "Can change email address",
            "content_type": 6,
            "codename": "change_emailaddress"
        }
    },
    {
        "model": "auth.permission",
        "pk": 23,
        "fields": {
            "name": "Can delete email address",
            "content_type": 6,
            "codename": "delete_emailaddress"
        }
    },
    {
        "model": "auth.permission",
        "pk": 24,
        "fields": {
            "name": "Can view email address",
            "content_type": 6,
            "codename": "view_emailaddress"
        }
    },
    {
        "model": "auth.permission",
        "pk": 25,
        "fields": {
            "name": "Can add email confirmation",
            "content_type": 7,
            "codename": "add_emailconfirmation"
        }
    },
    {
        "model": "auth.permission",
        "pk": 26,
        "fields": {
            "name": "Can change email confirmation",
            "content_type": 7,
            "codename": "change_emailconfirmation"
        }
    },
    {
        "model": "auth.permission",
        "pk": 27,
        "fields": {
            "name": "Can delete email confirmation",
            "content_type": 7,
            "codename": "delete_emailconfirmation"
        }
    },
    {
        "model": "auth.permission",
        "pk": 28,
        "fields": {
            "name": "Can view email confirmation",
            "content_type": 7,
            "codename": "view_emailconfirmation"
        }
    },
    {
        "model": "auth.permission",
        "pk": 29,
        "fields": {
            "name": "Can add user",
            "content_type": 8,
            "codename": "add_customuser"
        }
    },
    {
        "model": "auth.permission",
        "pk": 30,
        "fields": {
            "name": "Can change user",
            "content_type": 8,
            "codename": "change_customuser"
        }
    },
    {
        "model": "auth.permission",
        "pk": 31,
        "fields": {
            "name": "Can delete user",
            "content_type": 8,
            "codename": "delete_customuser"
        }
    },
    {
        "model": "auth.permission",
        "pk": 32,
        "fields": {
            "name": "Can view user",
            "content_type": 8,
            "codename": "view_customuser"
        }
    },
    {
        "model": "auth.permission",
        "pk": 33,
        "fields": {
            "name": "Can add package",
            "content_type": 9,
            "codename": "add_package"
        }
    },
    {
        "model": "auth.permission",
        "pk": 34,
        "fields": {
            "name": "Can change package",
            "content_type": 9,
            "codename": "change_package"
        }
    },
    {
        "model": "auth.permission",
        "pk": 35,
        "fields": {
            "name": "Can delete package",
            "content_type": 9,
            "codename": "delete_package"
        }
    },
    {
        "model": "auth.permission",
        "pk": 36,
        "fields": {
            "name": "Can view package",
            "content_type": 9,
            "codename": "view_package"
        }
    },
    {
        "model": "auth.permission",
        "pk": 37,
        "fields": {
            "name": "Can add user profile",
            "content_type": 10,
            "codename": "add_userprofile"
        }
    },
    {
        "model": "auth.permission",
        "pk": 38,
        "fields": {
            "name": "Can change user profile",
            "content_type": 10,
            "codename": "change_userprofile"
        }
    },
    {
        "model": "auth.permission",
        "pk": 39,
        "fields": {
            "name": "Can delete user profile",
            "content_type": 10,
            "codename": "delete_userprofile"
        }
    },
    {
        "model": "auth.permission",
        "pk": 40,
        "fields": {
            "name": "Can view user profile",
            "content_type": 10,
            "codename": "view_userprofile"
        }
    },
    {
        "model": "auth.permission",
        "pk": 41,
        "fields": {
            "name": "Can add student",
            "content_type": 11,
            "codename": "add_student"
        }
    },
    {
        "model": "auth.permission",
        "pk": 42,
        "fields": {
            "name": "Can change student",
            "content_type": 11,
            "codename": "change_student"
        }
    },
    {
        "model": "auth.permission",
        "pk": 43,
        "fields": {
            "name": "Can delete student",
            "content_type": 11,
            "codename": "delete_student"
        }
    },
    {
        "model": "auth.permission",
        "pk": 44,
        "fields": {
            "name": "Can view student",
            "content_type": 11,
            "codename": "view_student"
        }
    },
    {
        "model": "auth.permission",
        "pk": 45,
        "fields": {
            "name": "Can add instructor",
            "content_type": 12,
            "codename": "add_instructor"
        }
    },
    {
        "model": "auth.permission",
        "pk": 46,
        "fields": {
            "name": "Can change instructor",
            "content_type": 12,
            "codename": "change_instructor"
        }
    },
    {
        "model": "auth.permission",
        "pk": 47,
        "fields": {
            "name": "Can delete instructor",
            "content_type": 12,
            "codename": "delete_instructor"
        }
    },
    {
        "model": "auth.permission",
        "pk": 48,
        "fields": {
            "name": "Can view instructor",
            "content_type": 12,
            "codename": "view_instructor"
        }
    },
    {
        "model": "auth.permission",
        "pk": 49,
        "fields": {
            "name": "Can add appointment",
            "content_type": 13,
            "codename": "add_appointment"
        }
    },
    {
        "model": "auth.permission",
        "pk": 50,
        "fields": {
            "name": "Can change appointment",
            "content_type": 13,
            "codename": "change_appointment"
        }
    },
    {
        "model": "auth.permission",
        "pk": 51,
        "fields": {
            "name": "Can delete appointment",
            "content_type": 13,
            "codename": "delete_appointment"
        }
    },
    {
        "model": "auth.permission",
        "pk": 52,
        "fields": {
            "name": "Can view appointment",
            "content_type": 13,
            "codename": "view_appointment"
        }
    },
    {
        "model": "auth.permission",
        "pk": 53,
        "fields": {
            "name": "Can add Scheduling",
            "content_type": 14,
            "codename": "add_event"
        }
    },
    {
        "model": "auth.permission",
        "pk": 54,
        "fields": {
            "name": "Can change Scheduling",
            "content_type": 14,
            "codename": "change_event"
        }
    },
    {
        "model": "auth.permission",
        "pk": 55,
        "fields": {
            "name": "Can delete Scheduling",
            "content_type": 14,
            "codename": "delete_event"
        }
    },
    {
        "model": "auth.permission",
        "pk": 56,
        "fields": {
            "name": "Can view Scheduling",
            "content_type": 14,
            "codename": "view_event"
        }
    },
    {
        "model": "auth.group",
        "pk": 1,
        "fields": {
            "name": "Student",
            "permissions": []
        }
    },
    {
        "model": "auth.group",
        "pk": 2,
        "fields": {
            "name": "Instructor",
            "permissions": [
                49,
                50,
                51,
                52,
                48,
                36,
                53,
                54,
                55,
                56
            ]
        }
    },
    {
        "model": "auth.group",
        "pk": 3,
        "fields": {
            "name": "Secretary",
            "permissions": [
                49,
                50,
                51,
                52,
                29,
                30,
                31,
                32,
                45,
                46,
                47,
                48,
                41,
                42,
                43,
                44,
                37,
                38,
                39,
                40,
                53,
                54,
                55,
                56
            ]
        }
    },
    {
        "model": "auth.group",
        "pk": 4,
        "fields": {
            "name": "Admin",
            "permissions": [
                21,
                22,
                23,
                24,
                25,
                26,
                27,
                28,
                1,
                2,
                3,
                4,
                9,
                10,
                11,
                12,
                5,
                6,
                7,
                8,
                13,
                14,
                15,
                16,
                49,
                50,
                51,
                52,
                29,
                30,
                31,
                32,
                45,
                46,
                47,
                48,
                33,
                34,
                35,
                36,
                41,
                42,
                43,
                44,
                37,
                38,
                39,
                40,
                53,
                54,
                55,
                56,
                17,
                18,
                19,
                20
            ]
        }
    },
    {
        "model": "contenttypes.contenttype",
        "pk": 1,
        "fields": {
            "app_label": "admin",
            "model": "logentry"
        }
    },
    {
        "model": "contenttypes.contenttype",
        "pk": 2,
        "fields": {
            "app_label": "auth",
            "model": "permission"
        }
    },
    {
        "model": "contenttypes.contenttype",
        "pk": 3,
        "fields": {
            "app_label": "auth",
            "model": "group"
        }
    },
    {
        "model": "contenttypes.contenttype",
        "pk": 4,
        "fields": {
            "app_label": "contenttypes",
            "model": "contenttype"
        }
    },
    {
        "model": "contenttypes.contenttype",
        "pk": 5,
        "fields": {
            "app_label": "sessions",
            "model": "session"
        }
    },
    {
        "model": "contenttypes.contenttype",
        "pk": 6,
        "fields": {
            "app_label": "account",
            "model": "emailaddress"
        }
    },
    {
        "model": "contenttypes.contenttype",
        "pk": 7,
        "fields": {
            "app_label": "account",
            "model": "emailconfirmation"
        }
    },
    {
        "model": "contenttypes.contenttype",
        "pk": 8,
        "fields": {
            "app_label": "drivingschool",
            "model": "customuser"
        }
    },
    {
        "model": "contenttypes.contenttype",
        "pk": 9,
        "fields": {
            "app_label": "drivingschool",
            "model": "package"
        }
    },
    {
        "model": "contenttypes.contenttype",
        "pk": 10,
        "fields": {
            "app_label": "drivingschool",
            "model": "userprofile"
        }
    },
    {
        "model": "contenttypes.contenttype",
        "pk": 11,
        "fields": {
            "app_label": "drivingschool",
            "model": "student"
        }
    },
    {
        "model": "contenttypes.contenttype",
        "pk": 12,
        "fields": {
            "app_label": "drivingschool",
            "model": "instructor"
        }
    },
    {
        "model": "contenttypes.contenttype",
        "pk": 13,
        "fields": {
            "app_label": "drivingschool",
            "model": "appointment"
        }
    },
    {
        "model": "contenttypes.contenttype",
        "pk": 14,
        "fields": {
            "app_label": "events",
            "model": "event"
        }
    },
    {
        "model": "drivingschool.customuser",
        "pk": 1,
        "fields": {
            "password": "pbkdf2_sha256$600000$opad27UjzOzQYRCLpCJsar$ymiVX/GQ/jeLbpqsgeAB9Jj9g0A7QTKK1LSCibAS/Ag=",
            "last_login": "2023-05-17T00:00:00Z",
            "is_superuser": true,
            "username": "Gildas Le Drogoff",
            "first_name": "Gildas",
            "last_name": "Le Drogoff",
            "email": "gildas.le-drogoff@epitech.eu",
            "is_staff": true,
            "is_active": true,
            "date_joined": "2023-05-17T00:00:00Z",
            "groups": [
                1,
                4
            ],
            "user_permissions": []
        }
    },
    {
        "model": "drivingschool.customuser",
        "pk": 2,
        "fields": {
            "password": "pbkdf2_sha256$600000$opad27UjzOzQYRCLpCJsar$ymiVX/GQ/jeLbpqsgeAB9Jj9g0A7QTKK1LSCibAS/Ag=",
            "last_login": "2023-05-17T00:00:00Z",
            "is_superuser": true,
            "username": "Gérald Le Coq",
            "first_name": "Gérald",
            "last_name": "Le Coq",
            "email": "gerald.le-coq@epitech.eu",
            "is_staff": true,
            "is_active": true,
            "date_joined": "2023-05-17T00:00:00Z",
            "groups": [
                1
            ],
            "user_permissions": []
        }
    },
    {
        "model": "drivingschool.customuser",
        "pk": 3,
        "fields": {
            "password": "pbkdf2_sha256$600000$opad27UjzOzQYRCLpCJsar$ymiVX/GQ/jeLbpqsgeAB9Jj9g0A7QTKK1LSCibAS/Ag=",
            "last_login": "2023-05-17T00:00:00Z",
            "is_superuser": false,
            "username": "Hugo Dutreuil",
            "first_name": "Hugo",
            "last_name": "Dutreuil",
            "email": "hugo.dutreuil@epitech.eu",
            "is_staff": false,
            "is_active": true,
            "date_joined": "2023-05-17T00:00:00Z",
            "groups": [
                1
            ],
            "user_permissions": []
        }
    },
    {
        "model": "drivingschool.customuser",
        "pk": 4,
        "fields": {
            "password": "pbkdf2_sha256$600000$opad27UjzOzQYRCLpCJsar$ymiVX/GQ/jeLbpqsgeAB9Jj9g0A7QTKK1LSCibAS/Ag=",
            "last_login": "2023-05-17T00:00:00Z",
            "is_superuser": true,
            "username": "Olga Ortega",
            "first_name": "Olga",
            "last_name": "Ortega",
            "email": "olga.ortega@epitech.eu",
            "is_staff": true,
            "is_active": true,
            "date_joined": "2023-05-17T00:00:00Z",
            "groups": [
                3
            ],
            "user_permissions": []
        }
    },
    {
        "model": "drivingschool.customuser",
        "pk": 5,
        "fields": {
            "password": "pbkdf2_sha256$600000$opad27UjzOzQYRCLpCJsar$ymiVX/GQ/jeLbpqsgeAB9Jj9g0A7QTKK1LSCibAS/Ag=",
            "last_login": "2023-05-17T00:00:00Z",
            "is_superuser": false,
            "username": "Mireille Roux",
            "first_name": "Mireille",
            "last_name": "Roux",
            "email": "mireille.roux@epitech.eu",
            "is_staff": false,
            "is_active": true,
            "date_joined": "2023-05-17T00:00:00Z",
            "groups": [
                2
            ],
            "user_permissions": []
        }
    },
    {
        "model": "drivingschool.customuser",
        "pk": 6,
        "fields": {
            "password": "pbkdf2_sha256$600000$opad27UjzOzQYRCLpCJsar$ymiVX/GQ/jeLbpqsgeAB9Jj9g0A7QTKK1LSCibAS/Ag=",
            "last_login": "2023-05-17T00:00:00Z",
            "is_superuser": false,
            "username": "Alberte Bonnet",
            "first_name": "Alberte",
            "last_name": "Bonnet",
            "email": "alberte.bonnet@epitech.eu",
            "is_staff": false,
            "is_active": true,
            "date_joined": "2023-05-17T00:00:00Z",
            "groups": [
                2
            ],
            "user_permissions": []
        }
    },
    {
        "model": "drivingschool.customuser",
        "pk": 7,
        "fields": {
            "password": "pbkdf2_sha256$600000$opad27UjzOzQYRCLpCJsar$ymiVX/GQ/jeLbpqsgeAB9Jj9g0A7QTKK1LSCibAS/Ag=",
            "last_login": "2023-05-17T00:00:00Z",
            "is_superuser": false,
            "username": "Robert Dupond",
            "first_name": "Robert",
            "last_name": "Dupond",
            "email": "robert.dupond@epitech.eu",
            "is_staff": false,
            "is_active": true,
            "date_joined": "2023-05-17T00:00:00Z",
            "groups": [
                1
            ],
            "user_permissions": []
        }
    },
    {
        "model": "drivingschool.customuser",
        "pk": 8,
        "fields": {
            "password": "pbkdf2_sha256$600000$opad27UjzOzQYRCLpCJsar$ymiVX/GQ/jeLbpqsgeAB9Jj9g0A7QTKK1LSCibAS/Ag=",
            "last_login": "2023-05-17T00:00:00Z",
            "is_superuser": false,
            "username": "Fiona Stevens",
            "first_name": "Fiona",
            "last_name": "Stevens",
            "email": "f.stevens@epitech.eu",
            "is_staff": false,
            "is_active": true,
            "date_joined": "2023-05-17T00:00:00Z",
            "groups": [],
            "user_permissions": []
        }
    },
    {
        "model": "drivingschool.customuser",
        "pk": 9,
        "fields": {
            "password": "pbkdf2_sha256$600000$opad27UjzOzQYRCLpCJsar$ymiVX/GQ/jeLbpqsgeAB9Jj9g0A7QTKK1LSCibAS/Ag=",
            "last_login": "2023-05-17T00:00:00Z",
            "is_superuser": false,
            "username": "Lucy Anderson",
            "first_name": "Lucy",
            "last_name": "Anderson",
            "email": "l.anderson@epitech.eu",
            "is_staff": false,
            "is_active": true,
            "date_joined": "2023-05-17T00:00:00Z",
            "groups": [],
            "user_permissions": []
        }
    },
    {
        "model": "drivingschool.customuser",
        "pk": 10,
        "fields": {
            "password": "pbkdf2_sha256$600000$opad27UjzOzQYRCLpCJsar$ymiVX/GQ/jeLbpqsgeAB9Jj9g0A7QTKK1LSCibAS/Ag=",
            "last_login": "2023-05-17T00:00:00Z",
            "is_superuser": false,
            "username": "Oliver Fowler",
            "first_name": "Oliver",
            "last_name": "Fowler",
            "email": "o.fowler@epitech.eu",
            "is_staff": false,
            "is_active": true,
            "date_joined": "2023-05-17T00:00:00Z",
            "groups": [],
            "user_permissions": []
        }
    },
    {
        "model": "drivingschool.customuser",
        "pk": 11,
        "fields": {
            "password": "pbkdf2_sha256$600000$opad27UjzOzQYRCLpCJsar$ymiVX/GQ/jeLbpqsgeAB9Jj9g0A7QTKK1LSCibAS/Ag=",
            "last_login": "2023-05-17T00:00:00Z",
            "is_superuser": false,
            "username": "Jack Campbell",
            "first_name": "Jack",
            "last_name": "Campbell",
            "email": "j.campbell@epitech.eu",
            "is_staff": false,
            "is_active": true,
            "date_joined": "2023-05-17T00:00:00Z",
            "groups": [],
            "user_permissions": []
        }
    },
    {
        "model": "drivingschool.customuser",
        "pk": 12,
        "fields": {
            "password": "pbkdf2_sha256$600000$opad27UjzOzQYRCLpCJsar$ymiVX/GQ/jeLbpqsgeAB9Jj9g0A7QTKK1LSCibAS/Ag=",
            "last_login": "2023-05-17T00:00:00Z",
            "is_superuser": false,
            "username": "Ned Ellis",
            "first_name": "Ned",
            "last_name": "Ellis",
            "email": "n.ellis@epitech.eu",
            "is_staff": false,
            "is_active": true,
            "date_joined": "2023-05-17T00:00:00Z",
            "groups": [],
            "user_permissions": []
        }
    },
    {
        "model": "drivingschool.customuser",
        "pk": 13,
        "fields": {
            "password": "pbkdf2_sha256$600000$opad27UjzOzQYRCLpCJsar$ymiVX/GQ/jeLbpqsgeAB9Jj9g0A7QTKK1LSCibAS/Ag=",
            "last_login": "2023-05-17T00:00:00Z",
            "is_superuser": false,
            "username": "James Hawkins",
            "first_name": "James",
            "last_name": "Hawkins",
            "email": "j.hawkins@epitech.eu",
            "is_staff": false,
            "is_active": true,
            "date_joined": "2023-05-17T00:00:00Z",
            "groups": [],
            "user_permissions": []
        }
    },
    {
        "model": "drivingschool.customuser",
        "pk": 14,
        "fields": {
            "password": "pbkdf2_sha256$600000$opad27UjzOzQYRCLpCJsar$ymiVX/GQ/jeLbpqsgeAB9Jj9g0A7QTKK1LSCibAS/Ag=",
            "last_login": "2023-05-17T00:00:00Z",
            "is_superuser": false,
            "username": "Alina Morgan",
            "first_name": "Alina",
            "last_name": "Morgan",
            "email": "a.morgan@epitech.eu",
            "is_staff": false,
            "is_active": true,
            "date_joined": "2023-05-17T00:00:00Z",
            "groups": [],
            "user_permissions": []
        }
    },
    {
        "model": "drivingschool.customuser",
        "pk": 15,
        "fields": {
            "password": "pbkdf2_sha256$600000$opad27UjzOzQYRCLpCJsar$ymiVX/GQ/jeLbpqsgeAB9Jj9g0A7QTKK1LSCibAS/Ag=",
            "last_login": "2023-05-17T00:00:00Z",
            "is_superuser": false,
            "username": "Albert Holmes",
            "first_name": "Albert",
            "last_name": "Holmes",
            "email": "a.holmes@epitech.eu",
            "is_staff": false,
            "is_active": true,
            "date_joined": "2023-05-17T00:00:00Z",
            "groups": [],
            "user_permissions": []
        }
    },
    {
        "model": "drivingschool.customuser",
        "pk": 16,
        "fields": {
            "password": "pbkdf2_sha256$600000$opad27UjzOzQYRCLpCJsar$ymiVX/GQ/jeLbpqsgeAB9Jj9g0A7QTKK1LSCibAS/Ag=",
            "last_login": "2023-05-17T00:00:00Z",
            "is_superuser": false,
            "username": "Paul Evans",
            "first_name": "Paul",
            "last_name": "Evans",
            "email": "p.evans@epitech.eu",
            "is_staff": false,
            "is_active": true,
            "date_joined": "2023-05-17T00:00:00Z",
            "groups": [],
            "user_permissions": []
        }
    },
    {
        "model": "drivingschool.customuser",
        "pk": 17,
        "fields": {
            "password": "pbkdf2_sha256$600000$opad27UjzOzQYRCLpCJsar$ymiVX/GQ/jeLbpqsgeAB9Jj9g0A7QTKK1LSCibAS/Ag=",
            "last_login": "2023-05-17T00:00:00Z",
            "is_superuser": false,
            "username": "Alfred Douglas",
            "first_name": "Alfred",
            "last_name": "Douglas",
            "email": "a.douglas@epitech.eu",
            "is_staff": false,
            "is_active": true,
            "date_joined": "2023-05-17T00:00:00Z",
            "groups": [],
            "user_permissions": []
        }
    },
    {
        "model": "drivingschool.customuser",
        "pk": 18,
        "fields": {
            "password": "pbkdf2_sha256$600000$opad27UjzOzQYRCLpCJsar$ymiVX/GQ/jeLbpqsgeAB9Jj9g0A7QTKK1LSCibAS/Ag=",
            "last_login": "2023-05-17T00:00:00Z",
            "is_superuser": false,
            "username": "Julian Craig",
            "first_name": "Julian",
            "last_name": "Craig",
            "email": "j.craig@epitech.eu",
            "is_staff": false,
            "is_active": true,
            "date_joined": "2023-05-17T00:00:00Z",
            "groups": [],
            "user_permissions": []
        }
    },
    {
        "model": "drivingschool.customuser",
        "pk": 19,
        "fields": {
            "password": "pbkdf2_sha256$600000$opad27UjzOzQYRCLpCJsar$ymiVX/GQ/jeLbpqsgeAB9Jj9g0A7QTKK1LSCibAS/Ag=",
            "last_login": "2023-05-17T00:00:00Z",
            "is_superuser": false,
            "username": "James Clark",
            "first_name": "James",
            "last_name": "Clark",
            "email": "j.clark@epitech.eu",
            "is_staff": false,
            "is_active": true,
            "date_joined": "2023-05-17T00:00:00Z",
            "groups": [],
            "user_permissions": []
        }
    },
    {
        "model": "drivingschool.customuser",
        "pk": 20,
        "fields": {
            "password": "pbkdf2_sha256$600000$opad27UjzOzQYRCLpCJsar$ymiVX/GQ/jeLbpqsgeAB9Jj9g0A7QTKK1LSCibAS/Ag=",
            "last_login": "2023-05-17T00:00:00Z",
            "is_superuser": false,
            "username": "Jordan Scott",
            "first_name": "Jordan",
            "last_name": "Scott",
            "email": "j.scott@epitech.eu",
            "is_staff": false,
            "is_active": true,
            "date_joined": "2023-05-17T00:00:00Z",
            "groups": [],
            "user_permissions": []
        }
    },
    {
        "model": "drivingschool.customuser",
        "pk": 21,
        "fields": {
            "password": "pbkdf2_sha256$600000$opad27UjzOzQYRCLpCJsar$ymiVX/GQ/jeLbpqsgeAB9Jj9g0A7QTKK1LSCibAS/Ag=",
            "last_login": "2023-05-17T00:00:00Z",
            "is_superuser": false,
            "username": "Kelsey Carroll",
            "first_name": "Kelsey",
            "last_name": "Carroll",
            "email": "k.carroll@epitech.eu",
            "is_staff": false,
            "is_active": true,
            "date_joined": "2023-05-17T00:00:00Z",
            "groups": [],
            "user_permissions": []
        }
    },
    {
        "model": "drivingschool.customuser",
        "pk": 22,
        "fields": {
            "password": "pbkdf2_sha256$600000$opad27UjzOzQYRCLpCJsar$ymiVX/GQ/jeLbpqsgeAB9Jj9g0A7QTKK1LSCibAS/Ag=",
            "last_login": "2023-05-17T00:00:00Z",
            "is_superuser": false,
            "username": "Emily Sullivan",
            "first_name": "Emily",
            "last_name": "Sullivan",
            "email": "e.sullivan@epitech.eu",
            "is_staff": false,
            "is_active": true,
            "date_joined": "2023-05-17T00:00:00Z",
            "groups": [],
            "user_permissions": []
        }
    },
    {
        "model": "drivingschool.customuser",
        "pk": 23,
        "fields": {
            "password": "pbkdf2_sha256$600000$opad27UjzOzQYRCLpCJsar$ymiVX/GQ/jeLbpqsgeAB9Jj9g0A7QTKK1LSCibAS/Ag=",
            "last_login": "2023-05-17T00:00:00Z",
            "is_superuser": false,
            "username": "Alen Cunningham",
            "first_name": "Alen",
            "last_name": "Cunningham",
            "email": "a.cunningham@epitech.eu",
            "is_staff": false,
            "is_active": true,
            "date_joined": "2023-05-17T00:00:00Z",
            "groups": [],
            "user_permissions": []
        }
    },
    {
        "model": "drivingschool.customuser",
        "pk": 24,
        "fields": {
            "password": "pbkdf2_sha256$600000$opad27UjzOzQYRCLpCJsar$ymiVX/GQ/jeLbpqsgeAB9Jj9g0A7QTKK1LSCibAS/Ag=",
            "last_login": "2023-05-17T00:00:00Z",
            "is_superuser": true,
            "username": "Briony Taylor",
            "first_name": "Briony",
            "last_name": "Taylor",
            "email": "b.taylor@epitech.eu",
            "is_staff": true,
            "is_active": true,
            "date_joined": "2023-05-17T00:00:00Z",
            "groups": [
                3,
                4
            ],
            "user_permissions": []
        }
    },
    {
        "model": "drivingschool.customuser",
        "pk": 25,
        "fields": {
            "password": "pbkdf2_sha256$600000$opad27UjzOzQYRCLpCJsar$ymiVX/GQ/jeLbpqsgeAB9Jj9g0A7QTKK1LSCibAS/Ag=",
            "last_login": "2023-05-17T00:00:00Z",
            "is_superuser": true,
            "username": "Steven Carroll",
            "first_name": "Steven",
            "last_name": "Carroll",
            "email": "s.carroll@epitech.eu",
            "is_staff": true,
            "is_active": true,
            "date_joined": "2023-05-17T00:00:00Z",
            "groups": [
                3
            ],
            "user_permissions": []
        }
    },
    {
        "model": "drivingschool.customuser",
        "pk": 26,
        "fields": {
            "password": "pbkdf2_sha256$600000$opad27UjzOzQYRCLpCJsar$ymiVX/GQ/jeLbpqsgeAB9Jj9g0A7QTKK1LSCibAS/Ag=",
            "last_login": "2023-05-17T00:00:00Z",
            "is_superuser": true,
            "username": "MelissaBailey",
            "first_name": "Melissa",
            "last_name": "Bailey",
            "email": "m.bailey@epitech.eu",
            "is_staff": true,
            "is_active": true,
            "date_joined": "2023-05-17T00:00:00Z",
            "groups": [
                3
            ],
            "user_permissions": []
        }
    },
    {
        "model": "drivingschool.customuser",
        "pk": 27,
        "fields": {
            "password": "pbkdf2_sha256$600000$opad27UjzOzQYRCLpCJsar$ymiVX/GQ/jeLbpqsgeAB9Jj9g0A7QTKK1LSCibAS/Ag=",
            "last_login": "2023-05-17T00:00:00Z",
            "is_superuser": true,
            "username": "CarlMiller",
            "first_name": "Carl",
            "last_name": "Miller",
            "email": "c.miller@epitech.eu",
            "is_staff": true,
            "is_active": true,
            "date_joined": "2023-05-17T00:00:00Z",
            "groups": [
                3
            ],
            "user_permissions": []
        }
    },
    {
        "model": "drivingschool.userprofile",
        "pk": 1,
        "fields": {
            "user": 1,
            "user_type": "Student"
        }
    },
    {
        "model": "drivingschool.userprofile",
        "pk": 2,
        "fields": {
            "user": 5,
            "user_type": "Instructor"
        }
    },
    {
        "model": "drivingschool.userprofile",
        "pk": 3,
        "fields": {
            "user": 6,
            "user_type": "Instructor"
        }
    },
    {
        "model": "drivingschool.userprofile",
        "pk": 14,
        "fields": {
            "user": 8,
            "user_type": "Student"
        }
    },
    {
        "model": "drivingschool.userprofile",
        "pk": 15,
        "fields": {
            "user": 9,
            "user_type": "Student"
        }
    },
    {
        "model": "drivingschool.userprofile",
        "pk": 16,
        "fields": {
            "user": 10,
            "user_type": "Student"
        }
    },
    {
        "model": "drivingschool.userprofile",
        "pk": 17,
        "fields": {
            "user": 11,
            "user_type": "Student"
        }
    },
    {
        "model": "drivingschool.userprofile",
        "pk": 18,
        "fields": {
            "user": 12,
            "user_type": "Student"
        }
    },
    {
        "model": "drivingschool.userprofile",
        "pk": 19,
        "fields": {
            "user": 13,
            "user_type": "Student"
        }
    },
    {
        "model": "drivingschool.userprofile",
        "pk": 20,
        "fields": {
            "user": 14,
            "user_type": "Student"
        }
    },
    {
        "model": "drivingschool.userprofile",
        "pk": 21,
        "fields": {
            "user": 15,
            "user_type": "Student"
        }
    },
    {
        "model": "drivingschool.userprofile",
        "pk": 22,
        "fields": {
            "user": 16,
            "user_type": "Student"
        }
    },
    {
        "model": "drivingschool.userprofile",
        "pk": 23,
        "fields": {
            "user": 17,
            "user_type": "Instructor"
        }
    },
    {
        "model": "drivingschool.userprofile",
        "pk": 24,
        "fields": {
            "user": 18,
            "user_type": "Instructor"
        }
    },
    {
        "model": "drivingschool.userprofile",
        "pk": 25,
        "fields": {
            "user": 19,
            "user_type": "Instructor"
        }
    },
    {
        "model": "drivingschool.userprofile",
        "pk": 26,
        "fields": {
            "user": 20,
            "user_type": "Instructor"
        }
    },
    {
        "model": "drivingschool.userprofile",
        "pk": 27,
        "fields": {
            "user": 21,
            "user_type": "Instructor"
        }
    },
    {
        "model": "drivingschool.userprofile",
        "pk": 28,
        "fields": {
            "user": 22,
            "user_type": "Instructor"
        }
    },
    {
        "model": "drivingschool.userprofile",
        "pk": 29,
        "fields": {
            "user": 23,
            "user_type": "Instructor"
        }
    },
    {
        "model": "drivingschool.userprofile",
        "pk": 30,
        "fields": {
            "user": 4,
            "user_type": "Secretary"
        }
    },
    {
        "model": "drivingschool.userprofile",
        "pk": 31,
        "fields": {
            "user": 27,
            "user_type": "Secretary"
        }
    },
    {
        "model": "drivingschool.userprofile",
        "pk": 32,
        "fields": {
            "user": 2,
            "user_type": "Admin"
        }
    },
    {
        "model": "drivingschool.userprofile",
        "pk": 33,
        "fields": {
            "user": 3,
            "user_type": "Student"
        }
    },
    {
        "model": "drivingschool.userprofile",
        "pk": 34,
        "fields": {
            "user": 7,
            "user_type": "Instructor"
        }
    },
    {
        "model": "drivingschool.userprofile",
        "pk": 35,
        "fields": {
            "user": 24,
            "user_type": "Admin"
        }
    },
    {
        "model": "drivingschool.userprofile",
        "pk": 36,
        "fields": {
            "user": 25,
            "user_type": "Secretary"
        }
    },
    {
        "model": "drivingschool.userprofile",
        "pk": 37,
        "fields": {
            "user": 26,
            "user_type": "Secretary"
        }
    },
    {
        "model": "drivingschool.student",
        "pk": 1,
        "fields": {
            "user": 1,
            "remaining_hours": 25,
            "purchased_hours": 25,
            "packages": [
                1
            ]
        }
    },
    {
        "model": "drivingschool.student",
        "pk": 11,
        "fields": {
            "user": 14,
            "remaining_hours": 25,
            "purchased_hours": 25,
            "packages": []
        }
    },
    {
        "model": "drivingschool.student",
        "pk": 12,
        "fields": {
            "user": 15,
            "remaining_hours": 25,
            "purchased_hours": 25,
            "packages": []
        }
    },
    {
        "model": "drivingschool.student",
        "pk": 13,
        "fields": {
            "user": 16,
            "remaining_hours": 25,
            "purchased_hours": 25,
            "packages": []
        }
    },
    {
        "model": "drivingschool.student",
        "pk": 14,
        "fields": {
            "user": 17,
            "remaining_hours": 25,
            "purchased_hours": 25,
            "packages": []
        }
    },
    {
        "model": "drivingschool.student",
        "pk": 15,
        "fields": {
            "user": 18,
            "remaining_hours": 25,
            "purchased_hours": 25,
            "packages": []
        }
    },
    {
        "model": "drivingschool.student",
        "pk": 16,
        "fields": {
            "user": 19,
            "remaining_hours": 25,
            "purchased_hours": 25,
            "packages": []
        }
    },
    {
        "model": "drivingschool.student",
        "pk": 17,
        "fields": {
            "user": 20,
            "remaining_hours": 25,
            "purchased_hours": 25,
            "packages": []
        }
    },
    {
        "model": "drivingschool.student",
        "pk": 18,
        "fields": {
            "user": 21,
            "remaining_hours": 25,
            "purchased_hours": 25,
            "packages": []
        }
    },
    {
        "model": "drivingschool.student",
        "pk": 19,
        "fields": {
            "user": 22,
            "remaining_hours": 25,
            "purchased_hours": 25,
            "packages": []
        }
    },
    {
        "model": "drivingschool.instructor",
        "pk": 1,
        "fields": {
            "user": 2
        }
    },
    {
        "model": "drivingschool.instructor",
        "pk": 2,
        "fields": {
            "user": 3
        }
    },
    {
        "model": "drivingschool.instructor",
        "pk": 3,
        "fields": {
            "user": 23
        }
    },
    {
        "model": "drivingschool.instructor",
        "pk": 4,
        "fields": {
            "user": 24
        }
    },
    {
        "model": "drivingschool.instructor",
        "pk": 5,
        "fields": {
            "user": 25
        }
    },
    {
        "model": "drivingschool.instructor",
        "pk": 6,
        "fields": {
            "user": 26
        }
    },
    {
        "model": "drivingschool.instructor",
        "pk": 7,
        "fields": {
            "user": 27
        }
    },
    {
        "model": "drivingschool.instructor",
        "pk": 8,
        "fields": {
            "user": 28
        }
    },
    {
        "model": "drivingschool.instructor",
        "pk": 9,
        "fields": {
            "user": 29
        }
    },
    {
        "model": "drivingschool.package",
        "pk": 1,
        "fields": {
            "name": "1h",
            "title": "1h de cours",
            "text": "Plongez dans une expérience de conduite intensive ! Cette heure est adaptée aux apprenants ciblés, permettant au candidat de perfectionner ses compétences en matière de maniement du véhicule. C'est un excellent moyen d'affiner les domaines spécifiques de la conduite que vous souhaitez maîtriser.",
            "price": "10.00",
            "hours": 1,
            "cover": "/cover_1h.png"
        }
    },
    {
        "model": "drivingschool.package",
        "pk": 2,
        "fields": {
            "name": "2h",
            "title": "2h de cours",
            "text": "Deux fois plus de conduite, deux fois plus de progrès ! Cette formule offre aux candidats une session prolongée pour solidifier leurs techniques de conduite. Qu'il s'agisse de se garer en parallèle ou de maîtriser les virages serrés, deux heures vous donnent l'avantage de la continuité et d'une pratique abondante.",
            "price": "20.00",
            "hours": 2,
            "cover": "/cover_2h.png"
        }
    },
    {
        "model": "drivingschool.package",
        "pk": 3,
        "fields": {
            "name": "3h",
            "title": "3h de cours",
            "text": "Le tiercé gagnant de la maîtrise de la conduite ! Trois heures de conduite immersive permettent au candidat d'explorer les différents aspects de la conduite - de la vitesse de croisière sur autoroute aux manœuvres en ville. Il s'agit d'un cours complet qui garantit une prise en main sûre du volant et de la route.",
            "price": "30.00",
            "hours": 3,
            "cover": "/cover_3h.png"
        }
    },
    {
        "model": "drivingschool.package",
        "pk": 4,
        "fields": {
            "name": "20h",
            "title": "20h de cours",
            "text": "Le nec plus ultra en matière de conduite ! Vingt heures pour une expérience complète. Les candidats auront suffisamment de temps pour commencer par les bases, passer aux techniques avancées et même s'exercer à des scénarios de la vie réelle. Ce cours est conçu pour former non seulement des conducteurs, mais aussi des experts prêts à prendre la route.",
            "price": "150.00",
            "hours": 20,
            "cover": "/cover_20h.png"
        }
    },
    {
        "model": "drivingschool.appointment",
        "pk": 1,
        "fields": {
            "student": 1,
            "instructor": 1,
            "date": "2023-06-03T11:00:00Z",
            "duration": 1,
            "lesson_type": "ville",
            "location": "15, Avenue des Gobelins 75 005 Paris"
        }
    },
    {
        "model": "drivingschool.appointment",
        "pk": 2,
        "fields": {
            "student": 1,
            "instructor": 1,
            "date": "2023-06-03T11:00:00Z",
            "duration": 1,
            "lesson_type": "ville",
            "location": "6, Rue Arsene Houssaye 75 008 Paris"
        }
    },
    {
        "model": "drivingschool.appointment",
        "pk": 3,
        "fields": {
            "student": 1,
            "instructor": 2,
            "date": "2023-06-03T11:00:00Z",
            "duration": 1,
            "lesson_type": "ville",
            "location": "46, Rue Caulaincourt 75 018 Paris"
        }
    }
]